{
  "MAE": 0.8181135654449463,
  "RMSE": 1.6080281816404305,
  "R2": 0.9837920665740967
}